,count,mean,std,min,25%,50%,75%,max,skewness,kurtosis
pickup_lat,48000.0,35.64754474875,4.315284932192378,28.35765,31.98691,35.29479,39.41104,44.30296,0.17733583972551786,-0.949260448868376
pickup_lon,48000.0,-90.92896441729167,13.482431410187843,-121.69849,-98.40059,-88.08915,-83.28506,-69.5,-0.6939873927519963,-0.3088623610918608
delivery_lat,48000.0,35.641174907916664,4.317198800772771,28.35765,31.98691,35.29479,39.41104,44.30296,0.1793513394108031,-0.9478492011032946
delivery_lon,48000.0,-90.85731029354166,13.476588640205012,-121.69849,-98.40059,-87.52871,-83.28506,-69.5,-0.6993294460531511,-0.30372433267210575
distance,48000.0,1135.8566541666667,728.5644163845351,70.0,550.4,953.3,1645.525,3439.8,0.7657747676042063,-0.2598724951985063
weight,47700.0,31028.844004192873,9391.440619602196,-47500.0,25800.0,31436.5,37018.0,47500.0,-1.9103914374430284,11.873377445107534
market_index,47626.0,1.0833867156595138,0.16809091579446164,0.67639,0.94967,1.0558,1.21959,1.46778,0.21426317657348584,-1.0110290026916102
quote_signal,48000.0,2.06246784125,0.2913913908215192,0.69228,1.89103,2.05575,2.221685,3.61035,0.1719892375109409,1.6690960938895585
posted_rate,48000.0,2373.980682291666,1486.4932447622973,57.22,1251.5549999999998,2030.76,3330.75,25533.0,1.9023948792201815,13.283421983472936
