model,split,best_params,cv_r2_mean,cv_r2_std,MAE,RMSE,R2,MAPE,group
Ridge,80_20,{'alpha': 100},0.9126,0.002,274.72,728.72,0.7712,11.83,Linear
Lasso,80_20,{'alpha': 0.0001},0.9125,0.0019,274.69,728.63,0.7712,11.82,Linear
ElasticNet,80_20,"{'alpha': 0.001, 'l1_ratio': 0.3}",0.9127,0.0022,273.87,728.44,0.7713,11.79,Linear
Ridge,70_30,{'alpha': 100},0.913,0.0041,259.93,724.32,0.7691,11.53,Linear
Lasso,70_30,{'alpha': 0.0001},0.913,0.0041,260.03,724.18,0.7692,11.53,Linear
ElasticNet,70_30,"{'alpha': 0.001, 'l1_ratio': 0.5}",0.913,0.0043,259.08,726.16,0.768,11.5,Linear
Decision Tree,80_20,"{'max_depth': 6, 'min_samples_leaf': 5, 'min_samples_split': 2}",0.9381,0.0054,150.54,641.46,0.8227,6.78,Tree
Random Forest,80_20,"{'max_depth': None, 'max_features': 'sqrt', 'n_estimators': 300}",0.9437,0.0038,136.18,639.49,0.8238,5.88,Tree
Decision Tree,70_30,"{'max_depth': 6, 'min_samples_leaf': 10, 'min_samples_split': 2}",0.9373,0.004,154.37,638.16,0.8208,7.01,Tree
Random Forest,70_30,"{'max_depth': None, 'max_features': 'sqrt', 'n_estimators': 300}",0.9446,0.0029,137.82,632.12,0.8242,6.04,Tree
GradientBoosting,80_20,"{'learning_rate': 0.03, 'max_depth': 4, 'n_estimators': 200, 'subsample': 0.7}",0.9445,0.0037,123.17,636.42,0.8255,5.21,Boosting
XGBoost,80_20,"{'colsample_bytree': 0.7, 'learning_rate': 0.03, 'max_depth': 4, 'n_estimators': 300, 'subsample': 0.9}",0.9459,0.0032,117.59,633.86,0.8269,5.09,Boosting
LightGBM,80_20,"{'colsample_bytree': 0.7, 'learning_rate': 0.03, 'max_depth': 4, 'n_estimators': 300, 'num_leaves': 31, 'subsample': 0.7}",0.946,0.0032,118.91,634.15,0.8267,5.1,Boosting
GradientBoosting,70_30,"{'learning_rate': 0.03, 'max_depth': 4, 'n_estimators': 400, 'subsample': 0.9}",0.9461,0.002,115.7,628.84,0.826,5.14,Boosting
XGBoost,70_30,"{'colsample_bytree': 0.7, 'learning_rate': 0.03, 'max_depth': 4, 'n_estimators': 300, 'subsample': 0.9}",0.9469,0.0017,112.67,626.22,0.8274,5.04,Boosting
LightGBM,70_30,"{'colsample_bytree': 0.7, 'learning_rate': 0.03, 'max_depth': 4, 'n_estimators': 300, 'num_leaves': 31, 'subsample': 0.7}",0.9468,0.0019,111.17,625.65,0.8278,4.97,Boosting
